Workbook

Sheet Cronograma
A1: CRONOGRAMA DE ACTIVIDADES DEL PROYECTO
A3: Nombre del proyecto: | B3: Hotel Reservas: sistema transaccional móvil (APK) para la gestión de reservas de habitaciones | G3: Responsable: | H3: Gustavo Adolfo Cardona Bayona (líder); Jonathan Soler Guevara; Hugo Andrés Forero Angel
A4: Fecha de inicio: | B4: 46317 | E4: Fecha de finalización: | F4: 46354 | I4: Duración estimada: | J4: 6 semanas (22 oct a 28 nov de 2026)
A6: ID | B6: Etapa | C6: Actividad | D6: Responsable | E6: Fecha inicio | F6: Fecha fin | G6: Duración (días) | H6: Estado | I6: Prioridad | J6: Evidencia / entregable | K6: Observaciones
A7: 1 | B7: Planeación | C7: Actividad 4: modelado de la red neuronal, estado del arte, presupuesto y cronograma | D7: Los tres integrantes | E7: 46317 | F7: 46321 | G7: =IF(OR(E7="",F7=""),"",F7-E7+1) -> 5 | H7: Completada | I7: Alta | J7: Documento "Actividad 4. Continuación del documento maestro" (PDF) | K7: Entregado con este cronograma y el presupuesto
A8: 2 | B8: Diseño | C8: Ajuste del modelo de datos: columna riesgo_cancelacion, perfil CLIENTE y vistas de historial para la IA (script 07) | D8: Jonathan Soler | E8: 46322 | F8: 46324 | G8: =IF(OR(E8="",F8=""),"",F8-E8+1) -> 3 | H8: Pendiente | I8: Alta | J8: database/07_servicio_inteligente.sql ejecutado en SSMS (captura) | K8: Prerrequisito de las actividades 5 y 7
A9: 3 | B9: Desarrollo / ejecución | C9: Conexión de la app móvil a la API: inicio de sesión con token, disponibilidad y confirmación de reserva | D9: Gustavo Cardona | E9: 46322 | F9: 46333 | G9: =IF(OR(E9="",F9=""),"",F9-E9+1) -> 12 | H9: Pendiente | I9: Alta | J9: APK conectada; capturas de respuestas 200, 201 y 409 de la API | K9: Tarea de mayor riesgo técnico
A10: 4 | B10: Desarrollo / ejecución | C10: Administración de habitaciones, tarifas y usuarios en la API con autorización por rol | D10: Jonathan Soler | E10: 46322 | F10: 46333 | G10: =IF(OR(E10="",F10=""),"",F10-E10+1) -> 12 | H10: Pendiente | I10: Media | J10: Recursos /api/habitaciones, /api/tarifas y /api/usuarios probados en HotelReservas.Api.http | K10: En paralelo con la actividad 3
A11: 5 | B11: Desarrollo / ejecución | C11: Servicio inteligente TensorFlow/FastAPI: entrenamiento de los modelos de cancelación y ocupación, API y puente /api/prediccion | D11: Gustavo Cardona | E11: 46325 | F11: 46336 | G11: =IF(OR(E11="",F11=""),"",F11-E11+1) -> 12 | H11: En curso | I11: Alta | J11: servicio_inteligente/ (entrenar_modelo.py, api.py, metricas.json, pruebas/evidencias.json) | K11: Sigue la guía UMB de servicio inteligente con TensorFlow
A12: 6 | B12: Desarrollo / ejecución | C12: Notificaciones de confirmación por correo (hotelreservas2026@gmail.com) y WhatsApp desde la API | D12: Hugo Forero | E12: 46329 | F12: 46336 | G12: =IF(OR(E12="",F12=""),"",F12-E12+1) -> 8 | H12: Pendiente | I12: Media | J12: Correo recibido por un huésped de prueba y enlace wa.me generado (capturas) | K12: Requiere la clave de aplicación de Gmail en user-secrets
A13: 7 | B13: Desarrollo / ejecución | C13: Reentrenamiento de los modelos con el historial real exportado desde las vistas de SQL Server | D13: Gustavo Cardona | E13: 46336 | F13: 46343 | G13: =IF(OR(E13="",F13=""),"",F13-E13+1) -> 8 | H13: Pendiente | I13: Media | J13: metricas.json con los datos reales y comparación con los simulados | K13: Depende de las actividades 2 y 5
A14: 8 | B14: Pruebas / validación | C14: Pruebas de aceptación de los requerimientos no funcionales con métrica y procedimiento (RNF01 a RNF05) | D14: Jonathan Soler y Hugo Forero | E14: 46343 | F14: 46347 | G14: =IF(OR(E14="",F14=""),"",F14-E14+1) -> 5 | H14: Pendiente | I14: Alta | J14: Tabla de pruebas diligenciada con resultados y capturas | K14: Atiende la retroalimentación del docente
A15: 9 | B15: Pruebas / validación | C15: Prueba de concurrencia con dos sesiones sobre la última habitación (HTTP 409) y evidencias de API y SQL | D15: Jonathan Soler | E15: 46343 | F15: 46347 | G15: =IF(OR(E15="",F15=""),"",F15-E15+1) -> 5 | H15: Pendiente | I15: Alta | J15: docs/auditoria/04_demo_concurrencia_auditoria.sql ejecutado; capturas de las dos sesiones | K15: Evidencia verificable, no solo descripción
A16: 10 | B16: Pruebas / validación | C16: Pruebas automáticas del servicio inteligente (probar_api.py) y validación de las métricas MAE, RMSE, R², precisión y sensibilidad | D16: Gustavo Cardona | E16: 46343 | F16: 46345 | G16: =IF(OR(E16="",F16=""),"",F16-E16+1) -> 3 | H16: Pendiente | I16: Media | J16: pruebas/evidencias.json y salida de la consola | K16: 10 casos de prueba
A17: 11 | B17: Implementación | C17: Generación de la APK firmada e instalación en los dispositivos de prueba | D17: Hugo Forero | E17: 46347 | F17: 46350 | G17: =IF(OR(E17="",F17=""),"",F17-E17+1) -> 4 | H17: Pendiente | I17: Alta | J17: app-release.apk instalada; captura del inicio de sesión en el teléfono
A18: 12 | B18: Implementación | C18: Despliegue local de la API, la base de datos y el servicio inteligente para la sustentación | D18: Jonathan Soler | E18: 46350 | F18: 46352 | G18: =IF(OR(E18="",F18=""),"",F18-E18+1) -> 3 | H18: Pendiente | I18: Media | J18: Guía de arranque y captura de los tres servicios activos | K18: Ejecución en el computador del equipo
A19: 13 | B19: Cierre | C19: Documento maestro final, manual de usuario y actualización del repositorio en GitHub | D19: Los tres integrantes | E19: 46343 | F19: 46352 | G19: =IF(OR(E19="",F19=""),"",F19-E19+1) -> 10 | H19: Pendiente | I19: Alta | J19: PDF final y repositorio actualizado | K19: Incluye la revisión de referencias, redacción y términos técnicos
A20: 14 | B20: Cierre | C20: Sustentación final del proyecto | D20: Los tres integrantes | E20: 46353 | F20: 46354 | G20: =IF(OR(E20="",F20=""),"",F20-E20+1) -> 2 | H20: Pendiente | I20: Alta | J20: Presentación y demostración en vivo
A21: 15 | G21: =IF(OR(E21="",F21=""),"",F21-E21+1)
A22: 16 | G22: =IF(OR(E22="",F22=""),"",F22-E22+1)
A23: 17 | G23: =IF(OR(E23="",F23=""),"",F23-E23+1)
A24: 18 | G24: =IF(OR(E24="",F24=""),"",F24-E24+1)
A25: 19 | G25: =IF(OR(E25="",F25=""),"",F25-E25+1)
A26: 20 | G26: =IF(OR(E26="",F26=""),"",F26-E26+1)
A27: 21 | G27: =IF(OR(E27="",F27=""),"",F27-E27+1)
A28: 22 | G28: =IF(OR(E28="",F28=""),"",F28-E28+1)
A29: 23 | G29: =IF(OR(E29="",F29=""),"",F29-E29+1)
A30: 24 | G30: =IF(OR(E30="",F30=""),"",F30-E30+1)
A31: 25 | G31: =IF(OR(E31="",F31=""),"",F31-E31+1)
A32: 26 | G32: =IF(OR(E32="",F32=""),"",F32-E32+1)
... A36: 30 | G36: =IF(OR(E36="",F36=""),"",F36-E36+1)
A39: Uso: registra una actividad por fila. La duración se calcula automáticamente al ingresar las fechas. Selecciona el estado y la prioridad desde las listas desplegables.

Sheet Vista semanal
A1: VISTA SEMANAL DEL CRONOGRAMA
A3: Actividad | B3: Responsable | C3: Semana 1 | D3: Semana 2 | E3: Semana 3 | F3: Semana 4 | G3: Semana 5 | H3: Semana 6 | I3: Semana 7 | J3: Semana 8 | K3: Semana 9 | L3: Semana 10 | M3: Semana 11 | N3: Semana 12 | O3: Semana 13 | P3: Semana 14 | Q3: Semana 15 | R3: Semana 16
A4: =IF(Cronograma!C7="","",Cronograma!C7) -> Actividad 4: modelado de la red neuronal, estado del arte, presupuesto y cronograma | B4: =IF(Cronograma!D7="","",Cronograma!D7) -> Los tres integrantes | C4: X
A5: =IF(Cronograma!C8="","",Cronograma!C8) -> Ajuste del modelo de datos: columna riesgo_cancelacion, perfil CLIENTE y vistas de historial para la IA (script 07) | B5: =IF(Cronograma!D8="","",Cronograma!D8) -> Jonathan Soler | C5: X
A6: =IF(Cronograma!C9="","",Cronograma!C9) -> Conexión de la app móvil a la API: inicio de sesión con token, disponibilidad y confirmación de reserva | B6: =IF(Cronograma!D9="","",Cronograma!D9) -> Gustavo Cardona | C6: X | D6: X
A7: =IF(Cronograma!C10="","",Cronograma!C10) -> Administración de habitaciones, tarifas y usuarios en la API con autorización por rol | B7: =IF(Cronograma!D10="","",Cronograma!D10) -> Jonathan Soler | C7: X | D7: X
A8: =IF(Cronograma!C11="","",Cronograma!C11) -> Servicio inteligente TensorFlow/FastAPI: entrenamiento de los modelos de cancelación y ocupación, API y puente /api/prediccion | B8: =IF(Cronograma!D11="","",Cronograma!D11) -> Gustavo Cardona | C8: X | D8: X | E8: X
A9: =IF(Cronograma!C12="","",Cronograma!C12) -> Notificaciones de confirmación por correo (hotelreservas2026@gmail.com) y WhatsApp desde la API | B9: =IF(Cronograma!D12="","",Cronograma!D12) -> Hugo Forero | D9: X | E9: X
A10: =IF(Cronograma!C13="","",Cronograma!C13) -> Reentrenamiento de los modelos con el historial real exportado desde las vistas de SQL Server | B10: =IF(Cronograma!D13="","",Cronograma!D13) -> Gustavo Cardona | E10: X | F10: X
A11: =IF(Cronograma!C14="","",Cronograma!C14) -> Pruebas de aceptación de los requerimientos no funcionales con métrica y procedimiento (RNF01 a RNF05) | B11: =IF(Cronograma!D14="","",Cronograma!D14) -> Jonathan Soler y Hugo Forero | F11: X
A12: =IF(Cronograma!C15="","",Cronograma!C15) -> Prueba de concurrencia con dos sesiones sobre la última habitación (HTTP 409) y evidencias de API y SQL | B12: =IF(Cronograma!D15="","",Cronograma!D15) -> Jonathan Soler | F12: X
A13: =IF(Cronograma!C16="","",Cronograma!C16) -> Pruebas automáticas del servicio inteligente (probar_api.py) y validación de las métricas MAE, RMSE, R², precisión y sensibilidad | B13: =IF(Cronograma!D16="","",Cronograma!D16) -> Gustavo Cardona | F13: X
A14: =IF(Cronograma!C17="","",Cronograma!C17) -> Generación de la APK firmada e instalación en los dispositivos de prueba | B14: =IF(Cronograma!D17="","",Cronograma!D17) -> Hugo Forero | F14: X | G14: X
A15: =IF(Cronograma!C18="","",Cronograma!C18) -> Despliegue local de la API, la base de datos y el servicio inteligente para la sustentación | B15: =IF(Cronograma!D18="","",Cronograma!D18) -> Jonathan Soler | G15: X
A16: =IF(Cronograma!C19="","",Cronograma!C19) -> Documento maestro final, manual de usuario y actualización del repositorio en GitHub | B16: =IF(Cronograma!D19="","",Cronograma!D19) -> Los tres integrantes | F16: X | G16: X
A17: =IF(Cronograma!C20="","",Cronograma!C20) -> Sustentación final del proyecto | B17: =IF(Cronograma!D20="","",Cronograma!D20) -> Los tres integrantes | G17: X
A18: =IF(Cronograma!C21="","",Cronograma!C21) | B18: =IF(Cronograma!D21="","",Cronograma!D21)
A19: =IF(Cronograma!C22="","",Cronograma!C22) | B19: =IF(Cronograma!D22="","",Cronograma!D22)
A20: =IF(Cronograma!C23="","",Cronograma!C23) | B20: =IF(Cronograma!D23="","",Cronograma!D23)
A21: =IF(Cronograma!C24="","",Cronograma!C24) | B21: =IF(Cronograma!D24="","",Cronograma!D24)
A22: =IF(Cronograma!C25="","",Cronograma!C25) | B22: =IF(Cronograma!D25="","",Cronograma!D25)
A23: =IF(Cronograma!C26="","",Cronograma!C26) | B23: =IF(Cronograma!D26="","",Cronograma!D26)
A25: Uso: las actividades y responsables se traen desde la hoja "Cronograma". Marca con una "X" las semanas en las que se trabajará cada actividad.
