Workbook

Sheet Presupuesto
A1: PRESUPUESTO DEL PROYECTO
A3: Nombre del proyecto: | B3: Hotel Reservas: sistema transaccional móvil (APK) para la gestión de reservas de habitaciones
A4: Responsable: | B4: Gustavo Adolfo Cardona Bayona (líder); Jonathan Soler Guevara; Hugo Andrés Forero Angel | E4: Fecha: | F4: 46317
A6: Etapa | B6: Actividad / recurso | C6: Tipo de costo | D6: Cantidad | E6: Costo unitario (COP) | F6: Costo total (COP) | G6: Observaciones
A7: Planeación | B7: Horas de los integrantes: planeación y Actividad 4 (red neuronal, estado del arte, presupuesto, cronograma) | C7: Personal | D7: 18 | E7: 25000 | F7: =IF(OR(D7="",E7=""),"",D7*E7) -> 450000 | G7: Aporte propio; valor hora de referencia de un desarrollador en formación, no se paga
A8: Diseño | B8: Horas de los integrantes: ajuste del modelo de datos (script 07) y diseño del servicio inteligente | C8: Personal | D8: 18 | E8: 25000 | F8: =IF(OR(D8="",E8=""),"",D8*E8) -> 450000 | G8: Aporte propio, no se paga
A9: Desarrollo / ejecución | B9: Horas de desarrollo: conexión app-API, administración, servicio inteligente, notificaciones | C9: Personal | D9: 54 | E9: 25000 | F9: =IF(OR(D9="",E9=""),"",D9*E9) -> 1350000 | G9: Aporte propio, no se paga
A10: Desarrollo / ejecución | B10: Computadores portátiles de los integrantes | C10: Equipos | D10: 3 | E10: 3500000 | F10: =IF(OR(D10="",E10=""),"",D10*E10) -> 10500000 | G10: Recurso propio ya disponible; valor de reposición de referencia, sin desembolso
A11: Desarrollo / ejecución | B11: Teléfono Android para pruebas de la APK, WhatsApp y correo | C11: Equipos | D11: 1 | E11: 1200000 | F11: =IF(OR(D11="",E11=""),"",D11*E11) -> 1200000 | G11: Recurso propio, sin desembolso
A12: Desarrollo / ejecución | B12: Conexión a internet y energía (semanas por integrante) | C12: Servicios | D12: 18 | E12: 30000 | F12: =IF(OR(D12="",E12=""),"",D12*E12) -> 540000 | G12: Servicios del hogar ya contratados, sin desembolso adicional
A13: Desarrollo / ejecución | B13: Visual Studio 2022 Community, .NET 8, Android Studio, SQL Server 2022 Developer, SSMS, GitHub, Python, TensorFlow, FastAPI | C13: Software | D13: 1 | E13: 0 | F13: =IF(OR(D13="",E13=""),"",D13*E13) -> 0 | G13: Herramientas gratuitas o con licencia académica
A14: Desarrollo / ejecución | B14: Azure OpenAI Service para el asistente (pago por uso, dos meses de pruebas) | C14: Servicios | D14: 2 | E14: 40000 | F14: =IF(OR(D14="",E14=""),"",D14*E14) -> 80000 | G14: Opcional: la API funciona con el intérprete de reglas sin este servicio
A15: Desarrollo / ejecución | B15: Alojamiento en la nube de la API y la base de datos (plan básico, dos meses) | C15: Servicios | D15: 2 | E15: 85000 | F15: =IF(OR(D15="",E15=""),"",D15*E15) -> 170000 | G15: Opcional: en la sustentación se ejecutan en el computador del equipo
A16: Pruebas / validación | B16: Horas de pruebas: aceptación de RNF, concurrencia, servicio inteligente | C16: Personal | D16: 12 | E16: 25000 | F16: =IF(OR(D16="",E16=""),"",D16*E16) -> 300000 | G16: Aporte propio, no se paga
A17: Implementación | B17: Horas de implementación: APK firmada y despliegue local | C17: Personal | D17: 6 | E17: 25000 | F17: =IF(OR(D17="",E17=""),"",D17*E17) -> 150000 | G17: Aporte propio, no se paga
A18: Implementación | B18: Cuenta de desarrollador de Google Play (pago único) | C18: Software | D18: 1 | E18: 105000 | F18: =IF(OR(D18="",E18=""),"",D18*E18) -> 105000 | G18: Opcional: la APK se instala directamente; tarifa de referencia a octubre de 2026
... A20: Cierre | B20: Transporte a la sustentación | C20: Transporte | D20: 1 | E20: 20000 | F20: =IF(OR(D20="",E20=""),"",D20*E20) -> 20000 | G20: Desembolso real
F21: =IF(OR(D21="",E21=""),"",D21*E21)
F22: =IF(OR(D22="",E22=""),"",D22*E22)
F23: =IF(OR(D23="",E23=""),"",D23*E23)
F24: =IF(OR(D24="",E24=""),"",D24*E24)
F25: =IF(OR(D25="",E25=""),"",D25*E25)
F26: =IF(OR(D26="",E26=""),"",D26*E26)
F27: =IF(OR(D27="",E27=""),"",D27*E27)
F28: =IF(OR(D28="",E28=""),"",D28*E28)
F29: =IF(OR(D29="",E29=""),"",D29*E29)
F30: =IF(OR(D30="",E30=""),"",D30*E30)
F31: =IF(OR(D31="",E31=""),"",D31*E31)
E33: Subtotal: | F33: =SUM(F7:F31) -> 15355000
E34: Imprevistos (%): | F34: 0.1
E35: Valor imprevistos: | F35: =F33*F34 -> 1535500
E36: PRESUPUESTO TOTAL: | F36: =F33+F35 -> 16890500
A39: Uso: registra cada actividad o recurso en una fila. Ingresa cantidad y costo unitario; el costo total y el presupuesto general se calculan automáticamente. Ajusta el porcentaje de imprevistos en F34.

Sheet Resumen por etapa
A1: RESUMEN DEL PRESUPUESTO POR ETAPA
A3: Etapa | B3: Costo estimado (COP) | C3: Notas
A4: Planeación | B4: =SUMIF(Presupuesto!A$7:A$31,A4,Presupuesto!F$7:F$31) -> 450000
A5: Diseño | B5: =SUMIF(Presupuesto!A$7:A$31,A5,Presupuesto!F$7:F$31) -> 450000
A6: Desarrollo / ejecución | B6: =SUMIF(Presupuesto!A$7:A$31,A6,Presupuesto!F$7:F$31) -> 13840000
A7: Pruebas / validación | B7: =SUMIF(Presupuesto!A$7:A$31,A7,Presupuesto!F$7:F$31) -> 300000
A8: Implementación | B8: =SUMIF(Presupuesto!A$7:A$31,A8,Presupuesto!F$7:F$31) -> 255000
A9: Cierre | B9: =SUMIF(Presupuesto!A$7:A$31,A9,Presupuesto!F$7:F$31) -> 60000
A11: Total de etapas: | B11: =SUM(B4:B9) -> 15355000
A13: Importante: para que el resumen funcione, escribe en la columna Etapa de la hoja Presupuesto los nombres de etapa tal como aparecen en esta lista.
